﻿<?xml version="1.0" encoding="utf-8" ?>
<c2eventsheet>
    <!--All the 'name' attributes are ignored by Construct 2 - they are there for readability only.-->
    <name>Event sheet 1</name>
    <events>
        <variable constant="0" name="Vertical_Sensitivity" sid="529187171726039" static="0" type="number">4</variable>
        <variable constant="0" name="Horizontal_Sensitivity" sid="494735514097327" static="0" type="number">2</variable>
        <variable constant="0" name="horizontal_max_value" sid="541775981981097" static="0" type="number">1</variable>
        <variable constant="0" name="vertical_max_value" sid="861914095222488" static="0" type="number">1</variable>
        <event-group description="" sid="369430118495377" title="Request Fullscreen">
            <sub-events>
                <comment>Touch anywhere to go fullscreen</comment>
                <event-block sid="610728744370196">
                    <conditions>
                        <condition id="0" name="On any touch start" sid="469116602363236" type="Touch" />
                    </conditions>
                    <actions>
                        <action id="10" name="Request fullscreen" sid="372848398648852" type="Browser">
                            <param id="0" name="Mode">2</param>
                        </action>
                    </actions>
                </event-block>
            </sub-events>
        </event-group>
        <event-group description="" sid="444115073485371" title="Max Value Calibration">
            <sub-events>
                <comment>During the first 60 seconds from starting this tool, vigorously shake the device horizontally and vertically. This will calibrate the highest values for the horizontal and vertical axis on your device</comment>
                <event-block sid="874484612130334">
                    <conditions>
                        <condition id="-8" name="Compare two values" sid="138625990932360" type="System">
                            <param id="0" name="First value">wallclocktime</param>
                            <param id="1" name="Comparison">2</param>
                            <param id="2" name="Second value">60</param>
                        </condition>
                    </conditions>
                    <actions>
                        <action id="0" name="Set text" sid="258291699712096" type="maxHorizText">
                            <param id="0" name="Text">&quot;Horizontal Max: &quot;&amp;int(vertical_max_value)</param>
                        </action>
                        <action id="0" name="Set text" sid="984826260105808" type="maxVertText">
                            <param id="0" name="Text">&quot;Vertical Max: &quot; &amp; int(horizontal_max_value)</param>
                        </action>
                    </actions>
                    <sub-events>
                        <event-block sid="391691727376857">
                            <conditions>
                                <condition id="9" name="Compare acceleration" sid="500516489139339" type="Touch">
                                    <param id="0" name="Axis">3</param>
                                    <param id="1" name="Comparison">5</param>
                                    <param id="2" name="Acceleration">horizontal_max_value</param>
                                </condition>
                            </conditions>
                            <actions>
                                <action id="-9" name="Set value" sid="386776679021241" type="System">
                                    <param id="0" name="Variable">horizontal_max_value</param>
                                    <param id="1" name="Value">touch.AccelerationX</param>
                                </action>
                            </actions>
                        </event-block>
                        <event-block sid="584559594664144">
                            <conditions>
                                <condition id="9" name="Compare acceleration" sid="837813149618762" type="Touch">
                                    <param id="0" name="Axis">5</param>
                                    <param id="1" name="Comparison">5</param>
                                    <param id="2" name="Acceleration">vertical_max_value</param>
                                </condition>
                            </conditions>
                            <actions>
                                <action id="-9" name="Set value" sid="830522059448288" type="System">
                                    <param id="0" name="Variable">vertical_max_value</param>
                                    <param id="1" name="Value">touch.AccelerationZ</param>
                                </action>
                            </actions>
                        </event-block>
                        <event-block sid="519137943136902">
                            <conditions>
                                <condition behavior="DragDrop" id="0" inverted="1" name="Is dragging" sid="559758498966578" type="horizontal_sensitivity_indicator" />
                            </conditions>
                            <actions>
                                <action id="-1" name="Set X" sid="513770653265488" type="horizontal_sensitivity_indicator">
                                    <param id="0" name="X">Horizontal_Sensitivity/horizontal_max_value * 37 +2</param>
                                </action>
                            </actions>
                        </event-block>
                        <event-block sid="711504524488516">
                            <conditions>
                                <condition behavior="DragDrop" id="0" inverted="1" name="Is dragging" sid="331464068318698" type="vertical_sensitivity_indicator" />
                            </conditions>
                            <actions>
                                <action id="-2" name="Set Y" sid="326081022722288" type="vertical_sensitivity_indicator">
                                    <param id="0" name="Y">41 - Vertical_Sensitivity/vertical_max_value * 37 </param>
                                </action>
                            </actions>
                        </event-block>
                    </sub-events>
                </event-block>
            </sub-events>
        </event-group>
        <event-group description="" sid="476455042213967" title="Prevent Speaker standby Mode">
            <sub-events>
                <comment>if no sound is going to the speaker, some speakers automatically shut down.&#x0D;&#x0A;To prevent this, every 10 minutes (out of 14 it takes for the speaker to go to sleep mode), play a silent tone, so that the speaker wakes up again.</comment>
                <event-block sid="470774044917899">
                    <conditions>
                        <condition id="-6" name="Every X seconds" sid="195381464448796" type="System">
                            <param id="0" name="Interval (seconds)">600</param>
                        </condition>
                        <condition id="4" inverted="1" name="Is any playing" sid="765416721170522" type="Audio" />
                    </conditions>
                    <actions>
                        <action id="0" name="Play" sid="183740214649813" type="Audio">
                            <param id="0" name="Audio file">silent tone</param>
                            <param id="2" name="Loop">0</param>
                            <param id="3" name="Volume">0</param>
                            <param id="1" name="Tag (optional)">&quot;silent&quot;</param>
                        </action>
                    </actions>
                </event-block>
            </sub-events>
        </event-group>
        <event-group description="" sid="818835076711494" title="Visual Representation of X and Z axes of the accelerometer">
            <sub-events>
                <comment>If Z acceleration is positive, extend the vertical indicator bar</comment>
                <event-block sid="230762615629562">
                    <conditions>
                        <condition id="9" name="Compare acceleration" sid="564901090232414" type="Touch">
                            <param id="0" name="Axis">5</param>
                            <param id="1" name="Comparison">5</param>
                            <param id="2" name="Acceleration">0</param>
                        </condition>
                    </conditions>
                    <actions>
                        <action id="-6" name="Set height" sid="921942175311803" type="Vertical_Bar">
                            <param id="0" name="Height">(touch.AccelerationZ/vertical_max_value)*37</param>
                        </action>
                    </actions>
                </event-block>
                <comment>Every tick, extend the horizontal indicator bar to the absolute value of X acceleration</comment>
                <event-block sid="466676994796733">
                    <conditions>
                        <condition id="-1" name="Every tick" sid="100157428627462" type="System" />
                    </conditions>
                    <actions>
                        <action id="-5" name="Set width" sid="620397946697478" type="Horizontal_Bar">
                            <param id="0" name="Width">abs((touch.AccelerationX/horizontal_max_value)*37)</param>
                        </action>
                    </actions>
                </event-block>
            </sub-events>
        </event-group>
        <event-group description="" sid="344789914791601" title="Triggering the sounds">
            <sub-events>
                <comment>Vertical Acceleration:&#x0D;&#x0A;&#x09;Stomp sound: the clang that the legs of the armor make&#x0D;&#x0A;&#x09;Gravel sound: the sound the soles of the feet make, when they scrape against the ground</comment>
                <event-block sid="496505816724630">
                    <conditions>
                        <condition id="9" name="Compare acceleration" sid="882963449352656" type="Touch">
                            <param id="0" name="Axis">5</param>
                            <param id="1" name="Comparison">5</param>
                            <param id="2" name="Acceleration">Vertical_Sensitivity</param>
                        </condition>
                        <condition id="5" inverted="1" name="Is tag playing" sid="663307626850403" type="Audio">
                            <param id="0" name="Tag">&quot;stomp&quot;</param>
                        </condition>
                        <condition id="-4" name="Trigger once while true" sid="715401049900614" type="System" />
                    </conditions>
                    <actions>
                        <action id="7" name="Play (by name)" sid="502031203684997" type="Audio">
                            <param id="0" name="Folder">0</param>
                            <param id="1" name="Audio file name">&quot;stomp&quot;&amp;choose(1,2,3,4,5,6,7,8)</param>
                            <param id="3" name="Loop">0</param>
                            <param id="4" name="Volume">0</param>
                            <param id="2" name="Tag (optional)">&quot;stomp&quot;</param>
                        </action>
                        <action id="7" name="Play (by name)" sid="650962470258006" type="Audio">
                            <param id="0" name="Folder">0</param>
                            <param id="1" name="Audio file name">&quot;gravel&quot;&amp;choose(1,2,3,4,5,6,7)</param>
                            <param id="3" name="Loop">0</param>
                            <param id="4" name="Volume">0</param>
                            <param id="2" name="Tag (optional)">&quot;gravel&quot;</param>
                        </action>
                    </actions>
                </event-block>
                <comment>Horizontal Acceleration&#x0D;&#x0A;&#x09;Body sound: the sound the arms and torso of the armor make as they scrape each other</comment>
                <event-block sid="403949855647485">
                    <conditions>
                        <condition id="9" name="Compare acceleration" sid="386937832812071" type="Touch">
                            <param id="0" name="Axis">3</param>
                            <param id="1" name="Comparison">5</param>
                            <param id="2" name="Acceleration">Horizontal_Sensitivity</param>
                        </condition>
                        <condition id="5" inverted="1" name="Is tag playing" sid="142121524593843" type="Audio">
                            <param id="0" name="Tag">&quot;body&quot;</param>
                        </condition>
                        <condition id="-4" name="Trigger once while true" sid="815751033298967" type="System" />
                    </conditions>
                    <actions>
                        <action id="7" name="Play (by name)" sid="381426726308492" type="Audio">
                            <param id="0" name="Folder">0</param>
                            <param id="1" name="Audio file name">&quot;body&quot;&amp;choose(1,2,3,4,5,6,7,8,9)</param>
                            <param id="3" name="Loop">0</param>
                            <param id="4" name="Volume">0</param>
                            <param id="2" name="Tag (optional)">&quot;body&quot;</param>
                        </action>
                    </actions>
                </event-block>
                <event-block sid="514821454163076">
                    <conditions>
                        <condition id="9" name="Compare acceleration" sid="325243957781726" type="Touch">
                            <param id="0" name="Axis">3</param>
                            <param id="1" name="Comparison">3</param>
                            <param id="2" name="Acceleration">-Horizontal_Sensitivity</param>
                        </condition>
                        <condition id="5" inverted="1" name="Is tag playing" sid="622206259631979" type="Audio">
                            <param id="0" name="Tag">&quot;body&quot;</param>
                        </condition>
                        <condition id="-4" name="Trigger once while true" sid="225594383633391" type="System" />
                    </conditions>
                    <actions>
                        <action id="7" name="Play (by name)" sid="514575020314042" type="Audio">
                            <param id="0" name="Folder">0</param>
                            <param id="1" name="Audio file name">&quot;body&quot;&amp;choose(1,2,3,4,5,6,7,8,9)</param>
                            <param id="3" name="Loop">0</param>
                            <param id="4" name="Volume">0</param>
                            <param id="2" name="Tag (optional)">&quot;body&quot;</param>
                        </action>
                    </actions>
                </event-block>
                <comment>Secondary movement&#x0D;&#x0A;&#x09;After each Body sound is complete, add a secondary sound, like the jingling of loose pieces of armor, or for robots a mechanical piston sound</comment>
                <event-block sid="975182848727675">
                    <conditions>
                        <condition id="0" name="On ended" sid="527531401147019" type="Audio">
                            <param id="0" name="Tag">&quot;body&quot;</param>
                        </condition>
                        <condition id="5" inverted="1" name="Is tag playing" sid="941327258404726" type="Audio">
                            <param id="0" name="Tag">&quot;jingle&quot;</param>
                        </condition>
                    </conditions>
                    <actions>
                        <action id="7" name="Play (by name)" sid="636142607679916" type="Audio">
                            <param id="0" name="Folder">0</param>
                            <param id="1" name="Audio file name">&quot;jingle&quot;&amp;choose(1,2,3,4,5,6,7,8)</param>
                            <param id="3" name="Loop">0</param>
                            <param id="4" name="Volume">0</param>
                            <param id="2" name="Tag (optional)">&quot;jingle&quot;</param>
                        </action>
                    </actions>
                </event-block>
            </sub-events>
        </event-group>
        <event-group description="" sid="883564046071723" title="Visual representation of what sounds are playing">
            <sub-events>
                <comment>if only movement on the X axis is triggered, set the arrows animation frame to 2 (just horizontal arrows)</comment>
                <event-block sid="627788964582406">
                    <conditions>
                        <condition id="5" name="Is tag playing" sid="458254650442294" type="Audio">
                            <param id="0" name="Tag">&quot;body&quot;</param>
                        </condition>
                        <condition id="-4" name="Trigger once while true" sid="674590796930332" type="System" />
                    </conditions>
                    <actions>
                        <action id="5" name="Set frame" sid="368195239392720" type="Arrows">
                            <param id="0" name="Frame number">2</param>
                        </action>
                    </actions>
                </event-block>
                <comment>if only movement on the Z axis is triggered, set the arrows animation frame to 3 (just vertical arrows)</comment>
                <event-block sid="219821252783103">
                    <conditions>
                        <condition id="5" name="Is tag playing" sid="787516808007612" type="Audio">
                            <param id="0" name="Tag">&quot;stomp&quot;</param>
                        </condition>
                        <condition id="-4" name="Trigger once while true" sid="643307612087303" type="System" />
                    </conditions>
                    <actions>
                        <action id="5" name="Set frame" sid="821058705107331" type="Arrows">
                            <param id="0" name="Frame number">3</param>
                        </action>
                    </actions>
                </event-block>
                <comment>If movement registers on both axes, set the arrows animation frame to 1 (both sets of arrows)</comment>
                <event-block sid="219637373228195">
                    <conditions>
                        <condition id="5" name="Is tag playing" sid="785678931343017" type="Audio">
                            <param id="0" name="Tag">&quot;stomp&quot;</param>
                        </condition>
                        <condition id="5" name="Is tag playing" sid="645621054963169" type="Audio">
                            <param id="0" name="Tag">&quot;body&quot;</param>
                        </condition>
                        <condition id="-4" name="Trigger once while true" sid="245497327895575" type="System" />
                    </conditions>
                    <actions>
                        <action id="5" name="Set frame" sid="419822836242344" type="Arrows">
                            <param id="0" name="Frame number">1</param>
                        </action>
                    </actions>
                </event-block>
                <comment>If neither a stomp or body sound is playing, set the arrows animation frame to 0 (no arrows)</comment>
                <event-block sid="959248516778585">
                    <conditions>
                        <condition id="5" inverted="1" name="Is tag playing" sid="194885880433222" type="Audio">
                            <param id="0" name="Tag">&quot;stomp&quot;</param>
                        </condition>
                        <condition id="5" inverted="1" name="Is tag playing" sid="738738946432252" type="Audio">
                            <param id="0" name="Tag">&quot;body&quot;</param>
                        </condition>
                        <condition id="-4" name="Trigger once while true" sid="576215524015419" type="System" />
                    </conditions>
                    <actions>
                        <action id="5" name="Set frame" sid="161843320488047" type="Arrows">
                            <param id="0" name="Frame number">0</param>
                        </action>
                    </actions>
                </event-block>
            </sub-events>
        </event-group>
        <event-group description="" sid="711600824491753" title="Drag and drop the indicators to change the sensitivity">
            <sub-events>
                <comment>Drag and drop the horizontal indicator</comment>
                <event-block sid="308884183317010">
                    <conditions>
                        <condition behavior="DragDrop" id="0" name="Is dragging" sid="920719014212433" type="horizontal_sensitivity_indicator" />
                    </conditions>
                    <actions />
                    <sub-events>
                        <event-block sid="409268566995569">
                            <conditions>
                                <condition id="-1" name="Compare X" sid="751448840277995" type="horizontal_sensitivity_indicator">
                                    <param id="0" name="Comparison">2</param>
                                    <param id="1" name="X co-ordinate">2</param>
                                </condition>
                            </conditions>
                            <actions>
                                <action id="-1" name="Set X" sid="738575278228102" type="horizontal_sensitivity_indicator">
                                    <param id="0" name="X">2</param>
                                </action>
                            </actions>
                        </event-block>
                        <event-block sid="480807311654504">
                            <conditions>
                                <condition id="-1" name="Compare X" sid="784536626552599" type="horizontal_sensitivity_indicator">
                                    <param id="0" name="Comparison">4</param>
                                    <param id="1" name="X co-ordinate">38</param>
                                </condition>
                            </conditions>
                            <actions>
                                <action id="-1" name="Set X" sid="644587263349033" type="horizontal_sensitivity_indicator">
                                    <param id="0" name="X">38</param>
                                </action>
                            </actions>
                        </event-block>
                        <event-block sid="875239946475733">
                            <conditions />
                            <actions>
                                <action id="-9" name="Set value" sid="647883174041664" type="System">
                                    <param id="0" name="Variable">Horizontal_Sensitivity</param>
                                    <param id="1" name="Value">((horizontal_sensitivity_indicator.X -2 )*horizontal_max_value) /37</param>
                                </action>
                            </actions>
                        </event-block>
                    </sub-events>
                </event-block>
                <comment>Drag and drop the vertical indicator</comment>
                <event-block sid="832738024643108">
                    <conditions>
                        <condition behavior="DragDrop" id="0" name="Is dragging" sid="699231949374334" type="vertical_sensitivity_indicator" />
                    </conditions>
                    <actions />
                    <sub-events>
                        <event-block sid="916245538830989">
                            <conditions>
                                <condition id="-2" name="Compare Y" sid="933460793250900" type="vertical_sensitivity_indicator">
                                    <param id="0" name="Comparison">2</param>
                                    <param id="1" name="Y co-ordinate">2</param>
                                </condition>
                            </conditions>
                            <actions>
                                <action id="-2" name="Set Y" sid="988804374120740" type="vertical_sensitivity_indicator">
                                    <param id="0" name="Y">2</param>
                                </action>
                            </actions>
                        </event-block>
                        <event-block sid="189767764366166">
                            <conditions>
                                <condition id="-2" name="Compare Y" sid="986961070701900" type="vertical_sensitivity_indicator">
                                    <param id="0" name="Comparison">4</param>
                                    <param id="1" name="Y co-ordinate">38</param>
                                </condition>
                            </conditions>
                            <actions>
                                <action id="-2" name="Set Y" sid="767687515585884" type="vertical_sensitivity_indicator">
                                    <param id="0" name="Y">38</param>
                                </action>
                            </actions>
                        </event-block>
                        <event-block sid="311635332283653">
                            <conditions />
                            <actions>
                                <action id="-9" name="Set value" sid="720135045339964" type="System">
                                    <param id="0" name="Variable">Vertical_Sensitivity</param>
                                    <param id="1" name="Value">-((vertical_sensitivity_indicator.Y -41 )*vertical_max_value) /37</param>
                                </action>
                            </actions>
                        </event-block>
                    </sub-events>
                </event-block>
            </sub-events>
        </event-group>
    </events>
</c2eventsheet>
